"";"Gene";"B1";"B2";"B3";"B4";"Condition"
"1";"ENSMUSG00000001506.11";384193,05916694;471125,927133538;232871,887454889;440277,888623171;"FLASH"
"2";"ENSMUSG00000029661.17";156266,657812374;194798,067938612;96022,3132210039;172945,233017947;"FLASH"
"3";"ENSMUSG00000051747.17";63810,5327290137;40864,3527983417;135755,341472584;49855,4772138082;"FLASH"
"4";"ENSMUSG00000064351.1";199799,757522966;207097,604651459;272435,043073005;189968,504326606;"FLASH"
"5";"ENSMUSG00000119584.1";28819,4904483883;8467,29962383689;783,401985175454;1353,4402983916;"FLASH"
"6";"ENSMUSG00000018593.14";84595,0159795361;116066,517605604;60045,4580402128;98089,6457368349;"FLASH"
"7";"ENSMUSG00000064341.1";67035,8847469291;71954,1265917694;103774,107489539;61980,9864426624;"FLASH"
"8";"ENSMUSG00002076161.1";159575,297864804;188053,796587435;149409,306176144;148105,843986077;"FLASH"
"9";"ENSMUSG00000064367.1";65747,2083447654;70357,4358055602;99111,6458476646;60422,6503213199;"FLASH"
"10";"ENSMUSG00000064345.1";40863,306340485;40662,7504263456;65196,7552922142;34758,9785521653;"FLASH"
"11";"ENSMUSG00000030730.13";16027,9127519111;7205,7167804123;35895,5331754096;10085,9498903057;"FLASH"
"12";"ENSMUSG00000031972.6";14652,2873027264;5809,73235565697;33449,5479691005;7798,25983038547;"FLASH"
"13";"ENSMUSG00000064370.1";61848,2300257189;63299,5607646117;87032,6173149939;60140,6835924883;"FLASH"
"14";"ENSMUSG00000057003.13";16998,9963191665;7362,51862529817;34484,1445931211;11770,2311505264;"FLASH"
"15";"ENSMUSG00000026950.19";15385,4050570823;7700,31459970944;31758,0502571646;10704,396915543;"FLASH"
"16";"ENSMUSG00000064363.1";33211,790202638;34413,076894466;50376,2716003482;30588,6906327462;"FLASH"
"17";"ENSMUSG00000092341.6";111655,389918721;108600,06175741;104580,098920654;124555,982794063;"FLASH"
"18";"ENSMUSG00000017737.3";19053,7395882415;24807,8438820288;10167,9614062046;25621,3767598298;"FLASH"
"19";"ENSMUSG00000022483.18";11966,9346294676;13498,3988183177;2098,1077388436;16588,102657162;"FLASH"
"20";"ENSMUSG00000026193.16";20807,3645786858;22740,7475611619;14063,2854639801;25380,7651512269;"FLASH"
"21";"ENSMUSG00000050578.11";12268,9681612247;16917,5750473719;6556,36078942687;20436,9485057131;"FLASH"
"22";"ENSMUSG00000076617.10";12206,7309486203;8894,69665246865;9373,71648697827;20046,8945308294;"FLASH"
"23";"ENSMUSG00000031375.19";27693,7291027481;36796,4649367312;23667,4142995394;32014,5023915379;"FLASH"
"24";"ENSMUSG00000030695.17";9216,59898422478;5581,24966739471;16333,9765698001;6746,52393184367;"FLASH"
"25";"ENSMUSG00000028364.16";19220,3156572711;22574,985610854;13444,3346452429;23437,0745004812;"FLASH"
"26";"ENSMUSG00000061816.16";5357,89180274597;2507,03749708948;12476,6027812026;3107,27335172404;"FLASH"
"27";"ENSMUSG00000056328.15";7397,07576866978;2855,58559800721;13981,9634585986;3890,20096877974;"FLASH"
"28";"ENSMUSG00000032648.15";4999,11257714357;2285,72289316486;11085,0929113408;2880,76007956267;"FLASH"
"29";"ENSMUSG00000001348.16";10529,0719676784;12140,046836335;5080,81818067079;13697,9436866383;"FLASH"
"30";"ENSMUSG00000061723.20";4242,1982414977;1740,94848350424;10007,1245511167;2191,8213721175;"FLASH"
"31";"ENSMUSG00000005716.17";4081,11369122724;1816,21336904946;9714,36533174315;2235,99615963445;"FLASH"
"32";"ENSMUSG00000029580.15";88372,2656327531;100457,117949851;86889,8520166575;90893,8548170529;"FLASH"
"33";"ENSMUSG00000029304.15";9373,10726886256;11518,2155200448;5696,15468805774;15259,0994752691;"FLASH"
"34";"ENSMUSG00000027022.15";4526,84196385062;2562,59015070619;9492,98876153786;3190,92348127741;"FLASH"
"35";"ENSMUSG00000028111.5";9233,98879362898;11672,329333304;5219,96916765698;11492,9638671753;"FLASH"
"36";"ENSMUSG00000006457.5";3205,2164491316;1361,93602415154;7896,36672254705;2174,90336838761;"FLASH"
"37";"ENSMUSG00000037742.15";64085,1086669747;64624,7603565329;56279,3456132101;58564,4895783197;"FLASH"
"38";"ENSMUSG00000029306.9";6938,53395227488;8718,18257565428;3528,47145572105;8949,62397311443;"FLASH"
"39";"ENSMUSG00000064368.1";9422,53093769554;10736,8943272421;15451,1810224917;8990,97909334307;"FLASH"
"40";"ENSMUSG00000027966.21";9319,10733439689;12053,1338137411;6042,22499984805;9879,17428916255;"FLASH"
"41";"ENSMUSG00000074483.3";10865,885118244;14770,7337882488;8826,14831740927;12261,7931477894;"FLASH"
"42";"ENSMUSG00000040249.16";17869,4020425029;18309,9754299584;15030,1137501828;20623,9864358381;"FLASH"
"43";"ENSMUSG00000020061.19";2153,59060674091;947,979153652849;5881,38814476013;1039,51734029243;"FLASH"
"44";"ENSMUSG00000070047.15";8327,88819835763;10603,3887564535;6297,9375278811;10425,2498539997;"FLASH"
"45";"ENSMUSG00000061353.12";30955,691245725;35760,6767499422;29943,6659593188;36190,4296455336;"FLASH"
"46";"ENSMUSG00000054263.13";9071,07373710544;11321,0932007597;7098,50749197044;12265,5527041738;"FLASH"
"47";"ENSMUSG00000030399.3";2966,33538310551;1070,73259793493;6017,82839823359;1670,18292377907;"FLASH"
"48";"ENSMUSG00000030592.20";3512,74149964794;1661,203545248;6814,78405097264;2284,87039263192;"FLASH"
"49";"ENSMUSG00000025969.16";7516,97392824609;9745,01065702116;5521,76416540623;9607,54634038813;"FLASH"
"50";"ENSMUSG00000057666.19";10242,5977390724;7540,82472319696;12735,0260427484;8788,90293768043;"FLASH"
"51";"ENSMUSG00000039084.9";3181,41986784164;4251,57002276254;1255,97319422593;5192,88725598165;"FLASH"
"52";"ENSMUSG00000026042.17";9435,34448146706;11973,3888754849;6859,05936501369;9195,87491629402;"FLASH"
"53";"ENSMUSG00000024330.18";5443,92559664042;6281,92991139899;2688,14406677852;5775,61849556692;"FLASH"
"54";"ENSMUSG00000023092.17";1786,57410299968;1249,93470637592;5088,95038120895;1296,10706352918;"FLASH"
"55";"ENSMUSG00000030672.13";2440,0648353469;1016,07595486043;5182,9224763165;1351,56052019939;"FLASH"
"56";"ENSMUSG00000027559.6";9405,14112829135;7471,83191144718;12176,6149391285;9927,10863306392;"FLASH"
"57";"ENSMUSG00000028464.17";2520,60711048213;1067,14855576611;5238,04072440843;1227,49515951349;"FLASH"
"58";"ENSMUSG00000038170.16";3448,67378079037;2182,68168081129;6603,34683698065;2626,05013451814;"FLASH"
"59";"ENSMUSG00000095079.7";2808,9118453412;2136,98514315883;5436,8278486744;4893,06263432406;"FLASH"
"60";"ENSMUSG00000052305.7";53064,545770346;43148,2836704221;42853,9861025562;31404,5143681656;"FLASH"
"61";"ENSMUSG00000060600.16";2592,91210747853;1160,33365215543;5180,21174280378;1355,32007658381;"FLASH"
"62";"ENSMUSG00000070436.13";6546,80561411717;7734,36300031323;4176,33676526061;7382,82884990694;"FLASH"
"63";"ENSMUSG00000031097.16";1918,37055322097;882,570384071887;4704,92980024059;1073,35334775222;"FLASH"
"64";"ENSMUSG00000026249.11";6874,46623341731;8616,03737384291;5070,8788244575;9395,13140466833;"FLASH"
"65";"ENSMUSG00000018339.13";10812,8004369048;13330,8448469254;10267,3549683376;13096,4146651309;"FLASH"
"66";"ENSMUSG00000033196.18";1700,54030910523;867,338204854403;4581,13963649314;703,976932982851;"FLASH"
"67";"ENSMUSG00000047419.6";2507,79356671062;1409,4245828884;5116,05771633613;1695,55992937392;"FLASH"
"68";"ENSMUSG00000033065.15";2742,09836710402;1498,1296265667;5102,50404877254;1488,78432823076;"FLASH"
"69";"ENSMUSG00000028763.19";10641,6481022425;11485,0631299832;8998,73168438564;12343,5634991506;"FLASH"
"70";"ENSMUSG00000026365.16";7333,00804981221;8564,06876239502;5514,53554270565;9072,74944470423;"FLASH"
"71";"ENSMUSG00000061462.19";2671,62387636069;1286,67113860632;4966,06379529907;1696,49981847002;"FLASH"
"72";"ENSMUSG00000017493.13";21522,177270511;26131,2514528655;19576,0138510106;21081,7124256413;"FLASH"
"73";"ENSMUSG00000064339.1";1778,33682486085;928,26692172434;190,654923727821;270,688059678319;"FLASH"
"74";"ENSMUSG00000024471.13";1383,86272732352;699,784233462075;3739,90866971304;858,118744744117;"FLASH"
"75";"ENSMUSG00000060802.9";28655,6601387382;33898,7668432403;31277,3468475759;30610,3080819566;"FLASH"
"76";"ENSMUSG00000044938.9";1254,81203648184;727,560560270429;3421,84927088748;761,310167845273;"FLASH"
"77";"ENSMUSG00000026185.9";13618,0512697399;11511,9434462493;14796,0870902515;11927,1926295759;"FLASH"
"78";"ENSMUSG00000021798.15";1577,89639014931;711,432370510739;3531,18218923377;905,11319954938;"FLASH"
"79";"ENSMUSG00000032366.16";6833,27984272316;6116,16796109107;8828,85905092199;6055,70544620629;"FLASH"
"80";"ENSMUSG00000032332.18";9019,81956201939;9094,50700338036;6640,39352832112;8476,85975777348;"FLASH"
"81";"ENSMUSG00000030607.8";1877,18416252682;2272,28273503178;450,885340948733;3154,2678065293;"FLASH"
"82";"ENSMUSG00000026208.10";1510,16765878559;755,336887078783;3571,84319192453;914,512090510433;"FLASH"
"83";"ENSMUSG00000019787.10";1189,82906449774;715,016412679559;3221,25499094636;849,659742879169;"FLASH"
"84";"ENSMUSG00000034994.11";25425,7318551901;24002,3304045865;22174,7037118695;24016,046183682;"FLASH"
"85";"ENSMUSG00000020422.15";6746,33079570217;7951,19755152683;5530,79994378196;8229,66892549779;"FLASH"
"86";"ENSMUSG00000038670.12";1605,35398394541;642,439558760957;3416,42780386204;1075,23312594444;"FLASH"
"87";"ENSMUSG00000042082.8";3773,5886407109;5015,86701526337;2445,98520630906;4826,33050850059;"FLASH"
"88";"ENSMUSG00000044951.18";1447,93044618109;654,087695809622;3248,36232607354;814,883846323274;"FLASH"
"89";"ENSMUSG00000049134.16";1476,30329310373;667,527853942696;3243,84443688568;889,135084915591;"FLASH"
"90";"ENSMUSG00000076609.3";6849,75439900082;4927,16197158508;6887,97385581602;10820,94316346;"FLASH"
"91";"ENSMUSG00000050931.8";3508,16523401525;4637,75056645288;2400,80631443043;4575,38011984048;"FLASH"
"92";"ENSMUSG00000007097.15";1651,11664027224;911,242721422446;3425,46358223777;1170,16192465107;"FLASH"
"93";"ENSMUSG00000006014.18";6461,68707334925;5154,74864930514;4279,34463874389;6176,01125050777;"FLASH"
"94";"ENSMUSG00000033685.14";17085,030113061;15693,6246467199;13781,3691786575;14572,0405460162;"FLASH"
"95";"ENSMUSG00000068823.11";6546,80561411717;6130,50412976635;7959,61717117713;5786,89716472018;"FLASH"
"96";"ENSMUSG00000022443.18";11763,7484353765;11665,1612489664;9747,79771173333;12108,5912251243;"FLASH"
"97";"ENSMUSG00000027288.17";4596,40120146741;4053,55169293525;6418,11338027826;4201,30425959058;"FLASH"
"98";"ENSMUSG00000061315.15";5278,26478073727;4641,3346086217;6887,97385581602;4508,64799401701;"FLASH"
"99";"ENSMUSG00000031849.10";2363,18357271781;2617,24679378069;1119,53294075247;3559,36000695068;"FLASH"
"100";"ENSMUSG00000028649.23";11570,6300256772;11876,6197369268;11033,5889745992;13607,7143334122;"FLASH"
"101";"ENSMUSG00000086503.5";37449,412178503;41985,2619866401;42638,0309993764;40601,3291735557;"FLASH"
"102";"ENSMUSG00000024661.8";22442,0066626804;20541,9376905909;21494,3096001773;20003,6596324086;"FLASH"
"103";"ENSMUSG00000069919.8";25928,2058216588;17054,6646603292;16870,7018053182;14999,6900847441;"FLASH"
"104";"ENSMUSG00000037071.4";34918,737283629;29717,0856427698;33336,6007394039;35958,2770387956;"FLASH"
"105";"ENSMUSG00000064337.1";962,846289116631;475,781597910835;93,068517269979;97,7484659949487;"FLASH"
"106";"ENSMUSG00000006574.16";34261,5855387756;25759,4070778504;23925,8375610852;18934,0658410408;"FLASH"
"107";"ENSMUSG00000004207.16";28969,5919611403;29512,795239147;27819,3544631856;28944,8246036581;"FLASH"
"108";"ENSMUSG00000061482.8";14176,3556769273;11145,4751344875;9848,99842954147;8603,74478574769;"FLASH"
"109";"ENSMUSG00000067274.11";16374,7936868685;15650,6161406941;14557,5425411323;14400,980730525;"FLASH"
"110";"ENSMUSG00000068196.6";4352,94386980865;6022,98286470175;3771,53389402808;5856,44895783197;"FLASH"
"111";"ENSMUSG00000070327.16";13396,560013118;14131,8782716567;12274,2013455864;16280,7589227356;"FLASH"
"112";"ENSMUSG00000005413.9";8237,27813883049;6658,25433912507;8509,89607425886;10500,4409816881;"FLASH"
"113";"ENSMUSG00000032484.9";2062,06529408723;1498,1296265667;2039,37517940138;1541,41811761265;"FLASH"
"114";"ENSMUSG00000004655.6";10225,2079296682;7694,93853645621;8353,57710835879;5911,90241450218;"FLASH"
"115";"ENSMUSG00000098973.3";288,304734859067;72,5768539186019;3,61431135029045;12,2185582493686;"FLASH"
"116";"ENSMUSG00000001525.11";14363,0673147408;12924,0560607644;11421,2238669178;10681,8395772365;"FLASH"
"117";"ENSMUSG00000023944.15";10424,7331112533;9532,65615851859;9304,14099348518;9856,61695085603;"FLASH"
"118";"ENSMUSG00000044533.16";8956,66709628835;7866,07655001736;8007,50679656848;7645,05790772031;"FLASH"
"119";"ENSMUSG00000015656.18";9962,53028235221;8552,42062534636;8681,57586339765;10025,796988155;"FLASH"
"120";"ENSMUSG00000026879.15";6065,38246955885;4503,34898512214;5999,75684148214;5426,91964091186;"FLASH"
"121";"ENSMUSG00000067149.7";1264,87982087375;837,769856961639;1576,74332656421;2002,90366380034;"FLASH"
"122";"ENSMUSG00000073940.4";14024,4236579222;13329,9488363832;11713,0795084538;9189,29569262128;"FLASH"
"123";"ENSMUSG00000056054.10";1563,25234012472;1463,1852154207;1537,88947954858;987,823440006645;"FLASH"
"124";"ENSMUSG00000025393.13";7217,68615586858;5919,04564180598;7307,23397244971;5875,24673975408;"FLASH"
"125";"ENSMUSG00000009350.14";3029,48784883655;2606,49466727423;2394,48126956742;2474,72799004519;"FLASH"
"126";"ENSMUSG00000039218.18";15371,6762601842;14690,9888499926;14832,2302037544;15184,8482366768;"FLASH"
"127";"ENSMUSG00000028465.17";11055,3425154371;10925,0565411051;9392,6916215673;11466,6469724844;"FLASH"
"128";"ENSMUSG00000018293.5";7293,65216537113;7693,1465153718;6898,81678986689;7432,64297200052;"FLASH"
"129";"ENSMUSG00000022565.16";5591,28135001283;5102,78003785726;6108,18618199085;5950,4378674425;"FLASH"
"130";"ENSMUSG00000032518.7";12098,7310796889;11373,9578227498;10472,4671374666;10958,1669714914;"FLASH"
"131";"ENSMUSG00000069273.3";10449,4449456697;7791,70767501435;6515,6997867361;5992,73287676724;"FLASH"
"132";"ENSMUSG00000035202.9";618,711113538823;352,13214308655;325,28802152614;320,502181771899;"FLASH"
"133";"ENSMUSG00000069310.5";9026,22633390514;6330,31448067805;5174,79027577835;4831,96984307722;"FLASH"
"134";"ENSMUSG00000069662.6";6339,04315439333;8208,35257713965;6701,83682127606;6502,1527668563;"FLASH"
"135";"ENSMUSG00000025428.16";6614,53434548088;5426,23984359325;6487,68887377135;5438,19831006513;"FLASH"
"136";"ENSMUSG00000101972.2";6371,99226694865;5157,43668093176;4285,6696836069;3703,16303865479;"FLASH"
"137";"ENSMUSG00000007892.9";5484,19673420803;6250,56954242181;5641,03643996581;4740,80060075501;"FLASH"
"138";"ENSMUSG00000052565.8";13935,6441046481;10762,878632966;9457,74922587253;8036,05177170011;"FLASH"
"139";"ENSMUSG00000049577.16";4593,6554420878;3413,8001658009;3561,90383571123;2987,90743651867;"FLASH"
"140";"ENSMUSG00000032294.18";3218,94524602965;2746,27231185821;3935,08148262872;3044,30078228499;"FLASH"
"141";"ENSMUSG00000069265.3";6834,1950958497;5147,5805649675;4484,45680787287;4104,49568269174;"FLASH"
"142";"ENSMUSG00000021061.16";7775,07530992945;5678,91481649505;5954,57794960351;4533,08511051574;"FLASH"
"143";"ENSMUSG00000069274.4";8587,82008629406;6509,51658911905;5238,04072440843;4619,55490735743;"FLASH"
"144";"ENSMUSG00000036427.6";3637,21592485693;3456,80867182674;4153,7473193213;3658,98825113784;"FLASH"
"145";"ENSMUSG00000091405.3";8899,92140244308;6996,05031353634;6226,55487871287;5208,86537061544;"FLASH"
"146";"ENSMUSG00000027763.14";13620,7970291195;14839,7265999986;15490,9384473449;12912,1964022943;"FLASH"
"147";"ENSMUSG00000093674.8";5783,48450658554;4619,83035560878;4404,03838032891;4652,45102572111;"FLASH"
"148";"ENSMUSG00000049775.17";13996,0508109995;15635,3839614766;12716,0509081594;14748,739696084;"FLASH"
"149";"ENSMUSG00000024393.15";6501,95821091687;6238,02539483094;5867,83447719654;6776,60038291904;"FLASH"
"150";"ENSMUSG00000021939.9";18471,6385997641;18965,8551468524;17936,9236536539;17444,3416237139;"FLASH"
"151";"ENSMUSG00000069516.9";15833,8790890853;18414,8086633964;16333,9765698001;17068,3859852718;"FLASH"
"152";"ENSMUSG00000022587.16";11827,816154234;13447,3262174121;11711,2723527786;13718,6212467526;"FLASH"
"153";"ENSMUSG00000064373.14";14331,033455312;18715,8682055772;16505,6563589389;16996,0145248717;"FLASH"
"154";"ENSMUSG00000027962.15";11090,1221342455;10418,8105847593;10676,675728758;12171,5637945633;"FLASH"
"155";"ENSMUSG00000036594.16";10611,4447490667;13686,5610321808;11615,4931019959;10882,975843803;"FLASH"
"156";"ENSMUSG00000046805.12";9953,37775108684;12089,8702459715;10542,9462087972;10196,8568036461;"FLASH"
"157";"ENSMUSG00000024610.17";8316,90516083919;9937,65292359523;8959,87783737002;8677,05613524391;"FLASH"
"158";"ENSMUSG00000028581.18";8862,39602425507;10667,0055049501;8527,96763101031;10443,1077468257;"FLASH"
"159";"ENSMUSG00000017707.10";20380,8566217197;20310,7669707021;19119,7070430365;18126,7011074863;"FLASH"
"160";"ENSMUSG00000002985.17";6986,12711485479;8142,94380755869;6961,1636606594;8912,02840927022;"FLASH"
"161";"ENSMUSG00000025743.15";8604,29464257172;9899,12447028042;7751,79426853543;9694,95602632592;"FLASH"
"162";"ENSMUSG00000092274.5";4778,53657364822;4960,31436164667;4840,46647587648;5496,47143402365;"FLASH"
"163";"ENSMUSG00000025993.11";8094,49865109076;7408,21516295062;8235,20841163678;7869,69140168947;"FLASH"
"164";"ENSMUSG00000021998.17";9037,20937142359;10926,8485621895;9122,52184813309;10029,5565445394;"FLASH"
"165";"ENSMUSG00000050708.17";8224,46459505898;7469,14387982056;6712,67975532693;7927,964525648;"FLASH"
"166";"ENSMUSG00000073411.13";7725,65164109646;8055,13477442261;7602,70392533595;7989,05731689484;"FLASH"
"167";"ENSMUSG00000027322.12";4741,92644858675;5516,73690835595;4980,52104070024;7329,25517142894;"FLASH"
"168";"ENSMUSG00000002602.17";6039,75538201582;5704,89912221899;6110,89691550357;6164,7325813545;"FLASH"
"169";"ENSMUSG00000020372.16";13191,5433127738;13172,2509809551;11635,3718144225;12005,2034245527;"FLASH"
"170";"ENSMUSG00000022108.9";8138,43080116453;8911,72085277055;7741,85491232214;7883,78973813105;"FLASH"
"171";"ENSMUSG00000061232.17";6211,82296980473;6362,57086019743;5913,01336907517;6897,84607631662;"FLASH"
"172";"ENSMUSG00000032562.14";8377,31186719061;8910,82484222834;7468,97440537521;8128,16090311842;"FLASH"
"173";"ENSMUSG00000034708.13";6327,14486374835;7282,77368704193;5919,33841393818;7058,56711175062;"FLASH"
"174";"ENSMUSG00000037902.19";7081,31344001461;7435,99148975898;6983,75310659871;7223,98759266515;"FLASH"
"175";"ENSMUSG00000045128.10";9639,44592868475;10262,9047504156;9393,59519940487;8753,18715202843;"FLASH"
"176";"ENSMUSG00000032554.16";6734,43250505719;7214,67688583435;6446,12429324301;8247,52681832379;"FLASH"
"177";"ENSMUSG00000033880.12";4438,9776637031;4872,50532851058;4385,96682357746;4837,60917765385;"FLASH"
"178";"ENSMUSG00000060126.15";10909,8172683177;10701,0539055539;10414,6381558619;9724,09258830518;"FLASH"
"179";"ENSMUSG00000062825.16";7030,05926492856;7797,08373826758;5910,30263556245;7002,1737659843;"FLASH"
"180";"ENSMUSG00000031328.17";11817,7483698421;12694,6773619599;10623,3646363412;12923,4750714475;"FLASH"
"181";"ENSMUSG00000073421.7";4762,9772704971;6377,80303941492;5550,67865620855;4840,42884494217;"FLASH"
"182";"ENSMUSG00000031207.17";7211,27938398283;8314,08182111984;6946,70641525824;7803,8991649621;"FLASH"
"183";"ENSMUSG00000036181.3";11157,8508656092;8028,25445815646;6934,95990336979;6232,40459627408;"FLASH"
"184";"ENSMUSG00000101609.4";3338,84340560596;3317,92703778497;4001,9462426091;3880,80207781868;"FLASH"
"185";"ENSMUSG00000036905.9";3577,72447163204;3880,62165828969;3857,37378859748;3955,053316411;"FLASH"
"186";"ENSMUSG00000031447.8";6131,2806946695;5955,78207403638;6179,56883115909;6489,93420860693;"FLASH"
"187";"ENSMUSG00000038393.15";6940,36445852796;7327,57421415218;7246,69425733234;8456,18219765917;"FLASH"
"188";"ENSMUSG00000038642.11";3524,63979029291;4124,33652576944;3894,42047993796;3649,58936017679;"FLASH"
"189";"ENSMUSG00000060586.12";4096,67299437836;5388,60740082064;4622,70421702148;4110,13501726837;"FLASH"
"190";"ENSMUSG00000015340.11";4008,80869423084;4818,74469597828;4040,80008962472;4081,93834438521;"FLASH"
"191";"ENSMUSG00000022283.16";20437,602315565;19081,4405067969;17265,5653203375;16674,5724540037;"FLASH"
"192";"ENSMUSG00000022584.15";2766,81020152051;3406,63208146326;2547,18592411719;3098,81434985909;"FLASH"
"193";"ENSMUSG00000030536.11";6851,5849052539;7995,10206809487;7053,32860009181;7838,675061518;"FLASH"
"194";"ENSMUSG00000031004.9";29537,0488995931;22755,0837298372;22169,282244844;16994,1347466795;"FLASH"
"195";"ENSMUSG00000027562.13";17938,9612801197;14034,2131225563;13880,7627407905;10505,1404271687;"FLASH"
"196";"ENSMUSG00000047139.10";12225,036011151;9843,57181666371;9848,09485170389;7067,96600271167;"FLASH"
"197";"ENSMUSG00000034248.8";11430,5962973171;9573,87264346002;9695,39019715412;7303,8781658341;"FLASH"
"198";"ENSMUSG00000069917.8";11583,4435694487;9083,7548768739;8808,07676065782;7868,75151259337;"FLASH"
"199";"ENSMUSG00000022797.17";10768,8682868311;10206,4560862567;9500,21738423844;7490,91609595905;"FLASH"
"200";"ENSMUSG00000004552.17";9100,36183715462;6435,14771411603;7166,27582978838;4983,29198755017;"FLASH"
"201";"ENSMUSG00000028644.18";7953,54966960411;5816,90043999461;6153,36507386948;4527,44577593911;"FLASH"
"202";"ENSMUSG00000069833.14";26012,4091093002;30358,6291909885;28233,1931127938;29856,5170268802;"FLASH"
"203";"ENSMUSG00000100210.3";9259,61588117201;6458,44398821336;5581,40030268602;4847,00806861491;"FLASH"
"204";"ENSMUSG00000024588.11";8456,02363607277;6401,09931351225;6437,99209270486;5026,52688597101;"FLASH"
"205";"ENSMUSG00000058773.3";7860,19385069736;6027,46291741278;5553,38938972127;4487,03054480659;"FLASH"
"206";"ENSMUSG00000031543.19";7726,566894223;5346,49490533701;5917,53125826303;4419,35852988701;"FLASH"
"207";"ENSMUSG00000051839.8";5916,19620993337;4816,95267489387;4559,4537683914;3158,96725200983;"FLASH"
"208";"ENSMUSG00000028906.18";8222,6340888059;6691,40672918665;7034,35346550278;5891,22485438787;"FLASH"
"209";"ENSMUSG00000026028.13";6816,8052864455;5567,80950926163;5609,41121565077;4432,51697723248;"FLASH"
"210";"ENSMUSG00000025270.14";6541,31409535795;4851,89708603987;4655,23301917409;4001,10788212016;"FLASH"
"211";"ENSMUSG00000051627.4";7418,12659058013;5262,26991436974;4868,47738884123;4210,70315055164;"FLASH"
"212";"ENSMUSG00000028332.14";5122,67174922603;3977,39079684782;4195,31189984964;2799,92961729762;"FLASH"
"213";"ENSMUSG00000020914.18";6488,22941401882;5051,70743695157;4965,1602174615;4251,11838168416;"FLASH"
"214";"ENSMUSG00000022100.15";5581,21356562093;4572,34179687192;4457,34947274569;3379,84118959457;"FLASH"
"215";"ENSMUSG00000049539.4";6090,09430397534;4683,44710410533;3978,45321883221;3403,3384169972;"FLASH"
"216";"ENSMUSG00000039361.12";11536,7656599954;10978,8171736374;10903,4737659887;9944,96652588992;"FLASH"
"217";"ENSMUSG00000044468.15";5078,73959915227;3830,44506792621;3765,20884916507;3293,37139275289;"FLASH"
"218";"ENSMUSG00000121605.1";4030,77476926772;2956,83478927637;2837,234409978;2001,02388560813;"FLASH"
"219";"ENSMUSG00000042744.17";7075,82192125539;5087,54785863977;5319,36272978996;4870,50529601754;"FLASH"
"220";"ENSMUSG00000022742.7";4487,48607940954;3679,91529683578;3733,58362485003;2768,91327712614;"FLASH"
"221";"ENSMUSG00000036698.12";7926,09207580801;7028,30669305572;7475,29945023822;6270,9400492144;"FLASH"
"222";"ENSMUSG00000005161.16";5403,6544590728;4273,07427577546;3941,40652749173;3312,16917467499;"FLASH"
"223";"ENSMUSG00000053641.10";6227,38227295585;5493,44063425862;5403,39546868422;4564,10145068722;"FLASH"
"224";"ENSMUSG00000020649.12";4224,8084320935;3120,80471849988;3174,26894339258;2343,14351659045;"FLASH"
"225";"ENSMUSG00000009575.15";5781,65400033247;4890,42553935468;4920,88490342044;4138,33169015153;"FLASH"
"226";"ENSMUSG00000095217.2";5769,75570968749;3693,35545496885;3242,9408590481;2970,98943278878;"FLASH"
"227";"ENSMUSG00000055447.20";9406,97163454442;9989,62153504312;9153,24349461055;8318,01850053169;"FLASH"
"228";"ENSMUSG00000038664.17";7487,68582819692;6185,16077284085;6388,29531163836;5565,08333803934;"FLASH"
"229";"ENSMUSG00000023216.14";3693,96161870221;2691,6156687837;2628,50792949873;1879,77819221055;"FLASH"
"230";"ENSMUSG00000022099.19";3556,6736497217;2738,20821697836;2614,95426193514;1998,20421831982;"FLASH"
"231";"ENSMUSG00000026532.8";3933,75793785483;2679,96753173504;2611,33995058485;2034,85989306792;"FLASH"
"232";"ENSMUSG00000030978.11";4720,87562667641;3707,69162364413;3755,26949295177;3090,35534799415;"FLASH"
"233";"ENSMUSG00000042066.17";3689,38535306952;2741,79225914718;2610,43637274727;2057,41723137445;"FLASH"
"234";"ENSMUSG00000032028.16";3173,18258970281;2498,97340220964;2578,81114843223;1718,11726768044;"FLASH"
"235";"ENSMUSG00000019961.18";5603,17964065781;5000,63483604589;4912,75270288229;3864,82396318489;"FLASH"
"236";"ENSMUSG00000001506.11";423670,836966258;445019,506577329;407765,755708466;434764,671709621;"STANDARD"
"237";"ENSMUSG00000029661.17";154438,576352217;173862,412112386;162309,465216656;172412,946895002;"STANDARD"
"238";"ENSMUSG00000051747.17";91140,2939390132;79370,6700683725;44651,844789854;89306,0698576178;"STANDARD"
"239";"ENSMUSG00000064351.1";204165,286413611;252872,066714101;203827,385187877;193645,206343363;"STANDARD"
"240";"ENSMUSG00000119584.1";209496,092318148;29394,3660576716;5796,63225007099;22040,9334303406;"STANDARD"
"241";"ENSMUSG00000018593.14";97354,0718181162;92052,8594672975;93248,3716593442;101434,25646249;"STANDARD"
"242";"ENSMUSG00000064341.1";75087,4237873093;86758,3039857856;73057,5060886361;70270,0189405751;"STANDARD"
"243";"ENSMUSG00002076161.1";201506,295083565;164453,700034726;182499,390233697;178097,703828959;"STANDARD"
"244";"ENSMUSG00000064367.1";70109,2571049796;88925,4108741195;70550,9305659298;70186,3630114049;"STANDARD"
"245";"ENSMUSG00000064345.1";41263,3687284184;54010,3476240803;41711,6740266345;40128,8838167876;"STANDARD"
"246";"ENSMUSG00000030730.13";26244,6016465122;14273,2940820302;8519,5351162004;15413,8453402129;"STANDARD"
"247";"ENSMUSG00000031972.6";22695,310773646;12659,8794543563;8392,56037114773;11032,9670264256;"STANDARD"
"248";"ENSMUSG00000064370.1";68423,916406638;79859,4606721052;63729,0948187669;65403,5516126389;"STANDARD"
"249";"ENSMUSG00000057003.13";26518,4695099927;12527,0338753335;7615,66304215882;17907,176654447;"STANDARD"
"250";"ENSMUSG00000026950.19";21466,1111990946;15577,4117509106;9947,2955827926;16611,952095915;"STANDARD"
"251";"ENSMUSG00000064363.1";34299,431049347;44434,3109621541;34902,0654771433;33931,614121362;"STANDARD"
"252";"ENSMUSG00000092341.6";107299,413830395;152088,92030171;118822,966420285;137522,655056597;"STANDARD"
"253";"ENSMUSG00000017737.3";22129,2561260508;18008,181620511;17333,4635301896;25100,6250006811;"STANDARD"
"254";"ENSMUSG00000022483.18";15260,576834277;13778,4189479606;13416,057506898;16723,4933348087;"STANDARD"
"255";"ENSMUSG00000026193.16";24362,3325513534;29832,4522419301;22128,4061248451;25574,6752659789;"STANDARD"
"256";"ENSMUSG00000050578.11";11672,8162280791;13960,9548580682;13056,7660060823;17263,8914060002;"STANDARD"
"257";"ENSMUSG00000076617.10";39774,9564268939;9251,52837729036;25512,5182189154;12974,3615206171;"STANDARD"
"258";"ENSMUSG00000031375.19";29829,6144146149;26092,4942615018;27452,8804340536;33648,9147745109;"STANDARD"
"259";"ENSMUSG00000030695.17";13310,5277327719;7448,47922078239;6305,47178394871;8435,78697253199;"STANDARD"
"260";"ENSMUSG00000028364.16";20816,7054626141;18942,1570272286;17192,380480131;22566,9080654683;"STANDARD"
"261";"ENSMUSG00000061816.16";7775,46586316413;4579,62316692352;3411,38815041497;4865,50576553196;"STANDARD"
"262";"ENSMUSG00000056328.15";11094,8542820717;7869,32590241951;4822,21865100016;7802,11734812773;"STANDARD"
"263";"ENSMUSG00000032648.15";7553,80692349093;4146,60742461255;2623,20417742138;4819,3507701277;"STANDARD"
"264";"ENSMUSG00000001348.16";12507,2430629646;9023,35848965578;9749,77931271068;12066,6466110001;"STANDARD"
"265";"ENSMUSG00000061723.20";6430,85708861766;3361,70301114957;2408,75794133244;3594,32026710641;"STANDARD"
"266";"ENSMUSG00000005716.17";6477,57033623474;3100,06820666191;2090,85080186724;3534,70339804258;"STANDARD"
"267";"ENSMUSG00000029580.15";101284,396240173;61575,4470096537;93116,6941459562;82840,524251405;"STANDARD"
"268";"ENSMUSG00000029304.15";10677,1828916132;8375,35600877355;9152,52773412962;11027,1976520001;"STANDARD"
"269";"ENSMUSG00000027022.15";6476,65439020303;5044,07564930859;3501,68130245243;4687,61672074472;"STANDARD"
"270";"ENSMUSG00000028111.5";9619,26522499112;8616,70904547147;8424,53919582766;9906,01588863839;"STANDARD"
"271";"ENSMUSG00000006457.5";5319,81455215658;2278,6566111774;1552,85410431076;2828,91659331917;"STANDARD"
"272";"ENSMUSG00000037742.15";65300,5404385157;53519,5288435686;63610,5850567177;58215,8726408303;"STANDARD"
"273";"ENSMUSG00000029306.9";7462,21232032019;7776,0297705867;7763,32996788674;9417,54218727668;"STANDARD"
"274";"ENSMUSG00000064368.1";10020,449586879;13701,3482303595;11001,6562435633;10429,1058365533;"STANDARD"
"275";"ENSMUSG00000027966.21";8520,12998694224;11116,436925557;10443,9079189986;10481,9917687873;"STANDARD"
"276";"ENSMUSG00000074483.3";14139,4588914671;10896,3797450384;12477,3849471754;10978,1579693831;"STANDARD"
"277";"ENSMUSG00000040249.16";21423,9776816361;16883,5575965699;16236,7779544014;19898,5723936597;"STANDARD"
"278";"ENSMUSG00000020061.19";3171,00516177102;2353,69915199944;1518,99417229671;2121,20666378725;"STANDARD"
"279";"ENSMUSG00000070047.15";9630,25657737161;10465,3921795064;8616,41214390724;11032,9670264256;"STANDARD"
"280";"ENSMUSG00000061353.12";34837,0913699593;23232,7650031483;28162,9984526814;33221,9810670216;"STANDARD"
"281";"ENSMUSG00000054263.13";9131,06599009108;11722,8617824703;9277,62137184817;12026,2609900214;"STANDARD"
"282";"ENSMUSG00000030399.3";4520,19366647602;2245,19169432433;1464,44205960742;2569,29474417024;"STANDARD"
"283";"ENSMUSG00000030592.20";5896,86055213225;3186,26571976831;1841,60408009719;3553,93464612769;"STANDARD"
"284";"ENSMUSG00000025969.16";8172,98644092514;8911,8087668122;7676,79903051751;9653,12497631923;"STANDARD"
"285";"ENSMUSG00000057666.19";13253,7390788061;7539,74717583622;8016,33890432501;8274,24448861709;"STANDARD"
"286";"ENSMUSG00000039084.9";5459,03834897611;4973,0894620445;3838,39951525876;5715,52693089367;"STANDARD"
"287";"ENSMUSG00000026042.17";9410,42952976184;10442,0681465482;9663,24837534145;10046,4039996597;"STANDARD"
"288";"ENSMUSG00000024330.18";6513,29223147133;6139,2911099546;5568,07770897619;6254,96343968091;"STANDARD"
"289";"ENSMUSG00000023092.17";1947,30126340993;2411,50219020021;1934,71889313582;1827,93013048938;"STANDARD"
"290";"ENSMUSG00000030672.13";3339,53923160518;1922,71158646745;1309,25070454305;1932,74043255321;"STANDARD"
"291";"ENSMUSG00000027559.6";11191,028615401;8117,77755784384;7818,82263424309;7652,1136130639;"STANDARD"
"292";"ENSMUSG00000028464.17";3574,02141572228;2293,86793701971;1453,15541560274;2092,35979165959;"STANDARD"
"293";"ENSMUSG00000038170.16";5380,26699024927;3783,56378117619;2471,77503702524;3986,63772804259;"STANDARD"
"294";"ENSMUSG00000095079.7";932,433060278134;1049,5814831191;1044,95512410009;1117,33551374469;"STANDARD"
"295";"ENSMUSG00000052305.7";41826,6755379185;48086,043252697;60613,9810734748;31121,9287761279;"STANDARD"
"296";"ENSMUSG00000060600.16";3693,09439984424;2235,05081042946;1520,87527963083;2192,36228170215;"STANDARD"
"297";"ENSMUSG00000070436.13";7860,64884411291;6351,2355833574;5986,62409081646;6915,55681140432;"STANDARD"
"298";"ENSMUSG00000031097.16";3124,29191415394;1853,75357598233;1196,38426449624;1651,96421051065;"STANDARD"
"299";"ENSMUSG00000026249.11";6974,01308542015;6682,84248671966;6476,65255135305;8477,13415591497;"STANDARD"
"300";"ENSMUSG00000018339.13";12684,0206470841;12669,0062498617;12360,7562924603;14813,8303999576;"STANDARD"
"301";"ENSMUSG00000033196.18";2558,23726655877;3068,63146658781;2106,84021420721;1821,19919365959;"STANDARD"
"302";"ENSMUSG00000047419.6";3635,38979984667;2620,40439843454;1628,0983976753;2668,33567180853;"STANDARD"
"303";"ENSMUSG00000033065.15";3803,92386968084;2531,16462015968;1813,38747008549;2514,48568712768;"STANDARD"
"304";"ENSMUSG00000028763.19";12565,8636089938;11082,972008704;9557,90636463109;12623,3912430639;"STANDARD"
"305";"ENSMUSG00000026365.16";7356,87852667384;7453,54966272982;7420,96843307807;8449,24884619156;"STANDARD"
"306";"ENSMUSG00000061462.19";4302,19851092966;2611,27760292916;1456,91763027097;2836,60909255322;"STANDARD"
"307";"ENSMUSG00000017493.13";20984,3235864166;14630,2531951297;18574,9943707045;21936,1231282768;"STANDARD"
"308";"ENSMUSG00000064339.1";10453,6920598766;2025,13451380564;467,455172527224;1274,07018563831;"STANDARD"
"309";"ENSMUSG00000024471.13";2343,90589513924;1604,28783216851;1025,2034970919;1645,23327368087;"STANDARD"
"310";"ENSMUSG00000060802.9";27633,1758305806;16037,8078797377;26675,0425513976;23641,9348334257;"STANDARD"
"311";"ENSMUSG00000044938.9";1703,65961897577;1214,87789060549;741,15628964075;1203,87613012767;"STANDARD"
"312";"ENSMUSG00000026185.9";17402,0586564089;10207,8137285767;11518,9607604445;10360,8349058512;"STANDARD"
"313";"ENSMUSG00000021798.15";2247,73156180996;1508,96352355673;1050,59844610243;1311,57111940427;"STANDARD"
"314";"ENSMUSG00000032366.16";7695,77855840558;6458,72895264302;5649,90587801013;6891,51775129793;"STANDARD"
"315";"ENSMUSG00000032332.18";8419,37592345443;9808,26290311875;9238,11811783178;9409,84968804264;"STANDARD"
"316";"ENSMUSG00000030607.8";2460,23104116608;2734,99638644658;2342,91918463846;3555,8577709362;"STANDARD"
"317";"ENSMUSG00000026208.10";2587,54753957341;1610,37236250544;984,759689408458;1552,92328287235;"STANDARD"
"318";"ENSMUSG00000019787.10";1575,42717453673;1317,30081794368;750,561826311318;1258,68518717022;"STANDARD"
"319";"ENSMUSG00000034994.11";28749,7140432319;19711,8501148493;24681,0687772372;22605,3705616385;"STANDARD"
"320";"ENSMUSG00000020422.15";6998,74362827625;6275,17895414587;6638,42778208682;8118,47137912773;"STANDARD"
"321";"ENSMUSG00000038670.12";2656,24349195146;1221,9765093319;690,366391619683;1530,80734757448;"STANDARD"
"322";"ENSMUSG00000042082.8";4287,54337442234;3684,18311900645;3575,98504214991;4242,41332757451;"STANDARD"
"323";"ENSMUSG00000044951.18";2033,40019039043;1246,31463067959;891,644876369836;1479,84454014895;"STANDARD"
"324";"ENSMUSG00000049134.16";2055,38289515141;1527,2171145675;1002,63020908254;1502,92203785108;"STANDARD"
"325";"ENSMUSG00000076609.3";17488,1575833894;2869,87014224835;11054,3272489184;5915,53191097878;"STANDARD"
"326";"ENSMUSG00000050931.8";3635,38979984667;4111,1143309805;3908,00048662096;4643,38485014898;"STANDARD"
"327";"ENSMUSG00000007097.15";2473,97023164169;1922,71158646745;1170,9893154857;1526,96109795746;"STANDARD"
"328";"ENSMUSG00000006014.18";7625,25071396411;9836,65737802439;6537,78853971174;5165,51323565962;"STANDARD"
"329";"ENSMUSG00000033685.14";18886,8071738066;14513,6330303387;17922,2501257671;13624,3777058937;"STANDARD"
"330";"ENSMUSG00000068823.11";5940,8259616542;5986,16376314206;6169,09150222548;6073,22814527665;"STANDARD"
"331";"ENSMUSG00000022443.18";12640,0552375621;9253,55655406934;11086,3060735984;11704,1375845958;"STANDARD"
"332";"ENSMUSG00000027288.17";5426,06429183464;4503,56653771199;4144,07945705221;4854,92857908515;"STANDARD"
"333";"ENSMUSG00000061315.15";6102,94840926641;5078,55465455115;5170,22350781117;4979,93169163834;"STANDARD"
"334";"ENSMUSG00000031849.10";3129,78759034419;2828,29251827938;2039,12035017912;3254,88873840428;"STANDARD"
"335";"ENSMUSG00000028649.23";11786,3935360108;14120,1667352177;13306,0127278524;14397,473878915;"STANDARD"
"336";"ENSMUSG00000086503.5";34451,4780906105;51612,0285829434;42444,3653332717;42687,601374511;"STANDARD"
"337";"ENSMUSG00000024661.8";27329,0817480537;15973,9203112;22273,2513895718;18546,6156532768;"STANDARD"
"338";"ENSMUSG00000069919.8";24857,8593545072;23568,4282600685;26514,2078743309;14850,3697713193;"STANDARD"
"339";"ENSMUSG00000037071.4";36753,2504682912;24318,853668289;32695,5265742281;27650,6884967662;"STANDARD"
"340";"ENSMUSG00000064337.1";5672,45377436393;1174,314355026;204,100145751323;672,132120574474;"STANDARD"
"341";"ENSMUSG00000006574.16";31010,2688494858;30724,8500246787;36142,6557639912;18882,2009323619;"STANDARD"
"342";"ENSMUSG00000004207.16";30588,0177288687;16785,1910227897;25093,9718370751;27175,6766690641;"STANDARD"
"343";"ENSMUSG00000061482.8";14234,7172787647;10690,5198019725;14060,3367688319;7546,34174859581;"STANDARD"
"344";"ENSMUSG00000067274.11";18473,7155135066;13081,740224383;16561,2689695359;13669,5711388937;"STANDARD"
"345";"ENSMUSG00000068196.6";2790,88755861245;4488,35521186969;4941,66896671637;5419,36571038303;"STANDARD"
"346";"ENSMUSG00000070327.16";10428,0455709888;8876,31567318015;10970,6179725504;10256,9861661916;"STANDARD"
"347";"ENSMUSG00000005413.9";10842,0531773205;4146,60742461255;9095,15396043915;8962,72317006391;"STANDARD"
"348";"ENSMUSG00000032484.9";4042,98578395647;1512,00578872519;1748,48926705857;1329,84080508512;"STANDARD"
"349";"ENSMUSG00000004655.6";10167,9168979839;8874,28749640118;10425,0968456575;6019,38065063835;"STANDARD"
"350";"ENSMUSG00000098973.3";2451,98752688071;319,437842688421;68,6604176951456;246,159975489364;"STANDARD"
"351";"ENSMUSG00000001525.11";14434,3935136769;11350,6913435286;13979,4491534651;10222,3699196384;"STANDARD"
"352";"ENSMUSG00000023944.15";11561,0708122108;8236,42589941383;9584,24186730868;8500,2116536171;"STANDARD"
"353";"ENSMUSG00000044533.16";9876,6460599009;7612,76153987929;8680,36979326711;6445,35279572346;"STANDARD"
"354";"ENSMUSG00000015656.18";11135,1559074669;8384,48280427893;9576,71743797223;7522,30268848943;"STANDARD"
"355";"ENSMUSG00000026879.15";6817,38631399818;4824,0184687899;4574,85303656422;4221,25895468089;"STANDARD"
"356";"ENSMUSG00000067149.7";3293,74193001981;700,735077135552;1774,82476973616;738,479926468092;"STANDARD"
"357";"ENSMUSG00000073940.4";10493,07773924;13136,5009974153;17422,81612856;8252,12855331922;"STANDARD"
"358";"ENSMUSG00000056054.10";3096,81353320272;808,228446421179;1262,22302119021;1061,56489429788;"STANDARD"
"359";"ENSMUSG00000025393.13";7987,04939648854;6029,76956389;6655,35774809384;5646,29443778728;"STANDARD"
"360";"ENSMUSG00000009350.14";4234,41850458331;1684,40081493799;2505,63496903929;1492,34485140427;"STANDARD"
"361";"ENSMUSG00000039218.18";17470,754608787;17015,3890872032;16178,4636270438;16191,7493252555;"STANDARD"
"362";"ENSMUSG00000028465.17";12557,6200947085;8843,86484471657;10249,2133099178;10605,071756532;"STANDARD"
"363";"ENSMUSG00000018293.5";9111,83112342522;5414,21791147136;7653,28518884109;7017,48242625538;"STANDARD"
"364";"ENSMUSG00000022565.16";7357,79447270555;5983,1214979736;4841,97027800835;6204,00063225537;"STANDARD"
"365";"ENSMUSG00000032518.7";12971,6277010402;9724,09356679133;12249,7709597476;10419,4902125107;"STANDARD"
"366";"ENSMUSG00000069273.3";9165,87193929596;7095,57646124089;9372,6172922209;5379,94165180856;"STANDARD"
"367";"ENSMUSG00000035202.9";2127,74263165629;608,45303369223;296,274405122889;478,858077319153;"STANDARD"
"368";"ENSMUSG00000069310.5";7835,91830125681;6128,13613767025;7899,71024960997;4373,18581455323;"STANDARD"
"369";"ENSMUSG00000069662.6";4969,00722201265;5122,16045529909;6012,019039827;6424,19842282984;"STANDARD"
"370";"ENSMUSG00000025428.16";7270,77959969335;5372,64028750239;5983,80242981529;5738,6044285958;"STANDARD"
"371";"ENSMUSG00000101972.2";6347,50599973229;4210,49499315023;6012,95959349405;3479,89434100003;"STANDARD"
"372";"ENSMUSG00000007892.9";7192,92418699822;5033,93476541372;6353,44002096861;5111,66574102132;"STANDARD"
"373";"ENSMUSG00000052565.8";11782,729751884;10207,8137285767;12883,7041313439;7298,25864829794;"STANDARD"
"374";"ENSMUSG00000049577.16";5234,6315712078;4044,18449727436;4711,23331828746;2726,02941606385;"STANDARD"
"375";"ENSMUSG00000032294.18";4445,08609187602;2528,12235499122;2628,84749942373;3172,19437163833;"STANDARD"
"376";"ENSMUSG00000069265.3";6670,834948925;4914,27233545425;6793,61913715119;3562,58870776599;"STANDARD"
"377";"ENSMUSG00000021061.16";7508,92556793727;7125,9991129255;7981,53841864391;4485,6886158511;"STANDARD"
"378";"ENSMUSG00000069274.4";7711,34964094461;5989,20602831052;8307,91054111262;4421,263934766;"STANDARD"
"379";"ENSMUSG00000036427.6";4947,94046328338;2770,48948007862;3252,43458068238;3582,78151825535;"STANDARD"
"380";"ENSMUSG00000091405.3";7812,10370443242;5476,07730323007;7935,45128895813;4018,36928738301;"STANDARD"
"381";"ENSMUSG00000027763.14";12543,8809042329;13960,9548580682;15273,6509993352;13719,572383915;"STANDARD"
"382";"ENSMUSG00000093674.8";6431,77303464937;4983,23034593937;5639,55978767251;4316,45363270217;"STANDARD"
"383";"ENSMUSG00000049775.17";12253,5260121816;8606,5681615766;13115,0803334399;13345,5246086597;"STANDARD"
"384";"ENSMUSG00000024393.15";8043,83805045439;6321,82702006227;6692,97989477611;6391,50530108516;"STANDARD"
"385";"ENSMUSG00000021939.9";18199,8476500261;10705,7311278148;17131,2444917724;17363,8938960427;"STANDARD"
"386";"ENSMUSG00000069516.9";15898,0752723454;10272,7153855038;15909,4652782656;16646,5683424682;"STANDARD"
"387";"ENSMUSG00000022587.16";12651,9625359743;6905,94193240681;11293,2278803509;10906,0407890639;"STANDARD"
"388";"ENSMUSG00000064373.14";15495,0590183941;9893,44632783567;15207,8122426412;18948,5487382555;"STANDARD"
"389";"ENSMUSG00000027962.15";11567,4824344328;6380,64414665252;12208,3865983971;10739,6904931278;"STANDARD"
"390";"ENSMUSG00000036594.16";10174,3285202058;5965,88199535232;11518,0202067774;11121,4307676171;"STANDARD"
"391";"ENSMUSG00000046805.12";9301,43195198866;5099,85051073038;9167,57659280252;9323,30907165966;"STANDARD"
"392";"ENSMUSG00000024610.17";9583,54332975454;4875,73697665374;9417,76386823963;8740,60225468093;"STANDARD"
"393";"ENSMUSG00000028581.18";10385,9120535302;5539,96487176776;8680,36979326711;9515,62155251072;"STANDARD"
"394";"ENSMUSG00000017707.10";18832,7663579359;16880,5153314014;23284,3465816579;18060,0650767236;"STANDARD"
"395";"ENSMUSG00000002985.17";8216,03590441538;3805,8737257449;6678,87158977026;6832,86244463836;"STANDARD"
"396";"ENSMUSG00000025743.15";9433,32818055452;5168,8085212155;7831,99038558188;9192,53658468093;"STANDARD"
"397";"ENSMUSG00000092274.5";4795,89342201995;8303,35573311997;4826,92141933544;7488,64800434049;"STANDARD"
"398";"ENSMUSG00000025993.11";7584,94908856899;4472,12979763789;7990,00340164742;7826,15640823411;"STANDARD"
"399";"ENSMUSG00000021998.17";10308,9725868668;6234,61541856639;9286,08635485168;9869,47651727668;"STANDARD"
"400";"ENSMUSG00000050708.17";8742,70487264714;4576,58090175506;7308,10199303125;7814,61765938305;"STANDARD"
"401";"ENSMUSG00000073411.13";7565,71422190313;4473,14388602738;6658,17940909501;6078,99751970218;"STANDARD"
"402";"ENSMUSG00000027322.12";4792,22963789312;2639,67207783479;3899,53550361745;4817,42764531919;"STANDARD"
"403";"ENSMUSG00000002602.17";6188,1313902152;3273,4773212642;5231,35949616986;5526,09913725537;"STANDARD"
"404";"ENSMUSG00000020372.16";13957,1856311574;10571,8714604025;13446,1552242439;11780,101014532;"STANDARD"
"405";"ENSMUSG00000022108.9";6999,65957430796;5421,31653019777;7441,66061375332;7727,11548059581;"STANDARD"
"406";"ENSMUSG00000061232.17";6294,38112989326;3806,88781413439;5360,21534855664;5195,32167019153;"STANDARD"
"407";"ENSMUSG00000032562.14";9197,01410437401;5933,43116688873;8175,29247405761;7934,81295991496;"STANDARD"
"408";"ENSMUSG00000034708.13";6039,7481330786;3913,36709503053;5271,8033038533;6254,96343968091;"STANDARD"
"409";"ENSMUSG00000037902.19";7390,76852984702;4685,08835943017;6619,61670874568;7025,17492548942;"STANDARD"
"410";"ENSMUSG00000045128.10";10760,5339804985;7563,07120879442;10429,7996139927;8585,79070759582;"STANDARD"
"411";"ENSMUSG00000032554.16";7481,44718698605;4862,55382759041;6564,12404238933;7036,71367434049;"STANDARD"
"412";"ENSMUSG00000033880.12";3962,38253316622;2196,51545162895;3194,12025332486;3293,3512345745;"STANDARD"
"413";"ENSMUSG00000060126.15";9535,91413610575;8544,70876981789;10965,9152042151;9343,50188214902;"STANDARD"
"414";"ENSMUSG00000062825.16";7634,41017428119;4874,72288826425;6510,51248336709;6824,20838300006;"STANDARD"
"415";"ENSMUSG00000031328.17";13196,9504248402;9895,47450461464;10826,7132614907;11763,7544536597;"STANDARD"
"416";"ENSMUSG00000073421.7";5304,24346961756;3030,09610778731;5273,68441118742;5084,74199370217;"STANDARD"
"417";"ENSMUSG00000031207.17";7577,62152031533;5594,72564480006;7670,21515484812;7154,02428765964;"STANDARD"
"418";"ENSMUSG00000036181.3";8779,34271391544;7498,16955186725;9902,14900677388;6058,80470921282;"STANDARD"
"419";"ENSMUSG00000101609.4";3396,32788557104;5525,76763431494;3769,73909756361;3971,2527295745;"STANDARD"
"420";"ENSMUSG00000036905.9";3896,43441888328;1693,52761044337;3335,20330338337;3582,78151825535;"STANDARD"
"421";"ENSMUSG00000031447.8";7082,09471716162;4302,77703659356;6199,1892195713;6362,6584289575;"STANDARD"
"422";"ENSMUSG00000038393.15";6451,92384734693;5211,40023357395;5867,17377510025;6852,09369272346;"STANDARD"
"423";"ENSMUSG00000038642.11";3566,69384746862;1734,09114602286;3164,02253597904;3227,96499108513;"STANDARD"
"424";"ENSMUSG00000060586.12";4461,57312044675;2488,57290780122;4368,87178347878;4420,30237236174;"STANDARD"
"425";"ENSMUSG00000015340.11";3354,1943681125;2221,86766136613;3610,78552783101;3534,70339804258;"STANDARD"
"426";"ENSMUSG00000022283.16";20225,9202721628;18713,987139594;23057,6731478972;16200,4033868938;"STANDARD"
"427";"ENSMUSG00000022584.15";2030,65235229531;1008,00385915013;1948,82719814167;1715,4273291915;"STANDARD"
"428";"ENSMUSG00000030536.11";7453,96880603483;5467,96459611418;7122,81292062106;7854,04171795752;"STANDARD"
"429";"ENSMUSG00000031004.9";23973,9714339095;27652,1622045329;30714,7205514065;16604,259596681;"STANDARD"
"430";"ENSMUSG00000027562.13";15661,7611961648;17858,096538867;20511,5943711745;11120,4692052129;"STANDARD"
"431";"ENSMUSG00000047139.10";10461,9355741619;11132,6623397888;14037,7634808226;6821,32369578729;"STANDARD"
"432";"ENSMUSG00000034248.8";10451,8601678132;12268,4413360143;14388,5899986348;7538,64924936177;"STANDARD"
"433";"ENSMUSG00000069917.8";11410,8556630108;11677,2278049434;13684,1153020092;7567,49612148943;"STANDARD"
"434";"ENSMUSG00000022797.17";8362,58726948857;10859,8725630168;12815,9842673158;7038,636799149;"STANDARD"
"435";"ENSMUSG00000004552.17";8182,14590124221;7975,80518331565;9893,68402377036;4598,19141714898;"STANDARD"
"436";"ENSMUSG00000028644.18";7166,3617520787;7873,38225597746;8780,06848197513;4609,73016600004;"STANDARD"
"437";"ENSMUSG00000069833.14";27557,1523099489;28524,2782194918;24424,2976261307;29266,1133359151;"STANDARD"
"438";"ENSMUSG00000100210.3";7715,01342507144;6360,36237886278;8107,57261002952;4332,80019357451;"STANDARD"
"439";"ENSMUSG00000024588.11";7333,06392984945;7352,14082378112;9293,61078418813;5315,51697072345;"STANDARD"
"440";"ENSMUSG00000058773.3";6440,01654893474;6501,32066500148;7782,14104122787;3853,94211625535;"STANDARD"
"441";"ENSMUSG00000031543.19";7143,46310128602;7072,25242828269;7748,28110921383;4335,68488078727;"STANDARD"
"442";"ENSMUSG00000051839.8";4553,16772361749;5773,20520134978;6652,53608709267;3238,54217753194;"STANDARD"
"443";"ENSMUSG00000028906.18";7751,65126633973;8700,87838179889;9808,0936400682;6255,92500208516;"STANDARD"
"444";"ENSMUSG00000026028.13";5991,20299339811;6761,94138109965;7775,55716555848;4531,84361125536;"STANDARD"
"445";"ENSMUSG00000025270.14";5845,56757435663;5658,61321333774;7377,70296439345;4328,95394395748;"STANDARD"
"446";"ENSMUSG00000051627.4";5819,00513943712;5437,54194442956;6766,34308080654;3888,55836280854;"STANDARD"
"447";"ENSMUSG00000028332.14";4707,04665694433;4910,2159818963;5645,20310967485;2767,37659944683;"STANDARD"
"448";"ENSMUSG00000020914.18";4873,74883471508;5483,17592195648;6743,76979279718;3598,16651672344;"STANDARD"
"449";"ENSMUSG00000022100.15";4725,36557757848;5969,93834891027;6675,10937510203;4052,02397153195;"STANDARD"
"450";"ENSMUSG00000049539.4";4856,34586011264;4736,80686729401;5770,2967473934;3121,23156421279;"STANDARD"
"451";"ENSMUSG00000039361.12";10542,5388249522;11542,3540491416;12641,9818389103;9620,43185457455;"STANDARD"
"452";"ENSMUSG00000044468.15";4292,12310458088;5076,52647777217;5953,70471246947;3368,35310210641;"STANDARD"
"453";"ENSMUSG00000121605.1";3264,43165700518;3635,50687631108;4347,23904913648;2020,24261134044;"STANDARD"
"454";"ENSMUSG00000042744.17";7111,40499017626;6948,53364476527;7159,49451363628;5017,4326254043;"STANDARD"
"455";"ENSMUSG00000022742.7";3545,62708873935;4220,6358770451;4868,30578068594;2402,94444823406;"STANDARD"
"456";"ENSMUSG00000036698.12";7827,67478697145;7991,01650915796;8664,38038092714;6191,50032100005;"STANDARD"
"457";"ENSMUSG00000005161.16";4929,62154264923;4621,20079089249;5448,62739325998;3131,8087506596;"STANDARD"
"458";"ENSMUSG00000053641.10";5154,94426644925;6488,13751593815;7081,42855927056;4875,12138957451;"STANDARD"
"459";"ENSMUSG00000020649.12";3475,09924429788;3775,45107406029;4410,25614482928;2224,09384104257;"STANDARD"
"460";"ENSMUSG00000009575.15";4947,94046328338;5685,99359985389;6205,77309524069;3990,48397765961;"STANDARD"
"461";"ENSMUSG00000095217.2";4180,37768871258;3654,77455571133;4661,38397393345;2719,29847923407;"STANDARD"
"462";"ENSMUSG00000055447.20";7807,52397427388;8326,67976607817;10435,4429359951;7714,61516934049;"STANDARD"
"463";"ENSMUSG00000038664.17";6210,11409497618;7169,60491367345;7621,30636416116;5690,52630838303;"STANDARD"
"464";"ENSMUSG00000023216.14";3138,03110462956;3500,6331205093;3835,57785425759;2000,04980085108;"STANDARD"
"465";"ENSMUSG00000022099.19";3498,91384112227;3250,153288306;3851,56726659755;1826,00700568087;"STANDARD"
"466";"ENSMUSG00000026532.8";2882,48216178319;3541,19665608878;3936,21709663266;2131,78385023406;"STANDARD"
"467";"ENSMUSG00000030978.11";3757,21062206376;4220,6358770451;4837,26750967307;2824,1087812979;"STANDARD"
"468";"ENSMUSG00000042066.17";3627,14628556131;3544,23892125724;4129,0305983793;2273,13352365959;"STANDARD"
"469";"ENSMUSG00000032028.16";2624,1853808417;3155,8430680837;3727,41418254606;1784,65982229789;"STANDARD"
"470";"ENSMUSG00000019961.18";4495,46312361992;4932,52592646501;5751,48567405227;3893,36617482982;"STANDARD"
